{"cameraMode":{"drawMode":0,"name":"Shaded","section":"Shading Mode"},"sceneLighting":true,"audioPlay":false,"sceneViewState":{"m_AlwaysRefresh":false,"showFog":true,"showSkybox":true,"showFlares":true,"showImageEffects":true,"showParticleSystems":true,"showVisualEffectGraphs":true,"m_FxEnabled":true},"in2DMode":false,"pivot":{"x":96.57506561279297,"y":52.608394622802737,"z":-1.6299991607666016},"rotation":{"x":0.019807878881692888,"y":-0.013182010501623154,"z":0.00031210226006805897,"w":0.9997940063476563},"size":6.218405723571777,"orthographic":false}