{"cameraMode":{"drawMode":0,"name":"Shaded","section":"Shading Mode"},"sceneLighting":true,"audioPlay":false,"sceneViewState":{"m_AlwaysRefresh":false,"showFog":true,"showSkybox":true,"showFlares":true,"showImageEffects":true,"showParticleSystems":true,"showVisualEffectGraphs":true,"m_FxEnabled":true},"in2DMode":false,"pivot":{"x":38.69955825805664,"y":-5.527958869934082,"z":170.81292724609376},"rotation":{"x":-0.03929905593395233,"y":0.005093098152428865,"z":-0.00020039999799337238,"w":-0.9992145299911499},"size":101.00896453857422,"orthographic":false}