{"cameraMode":{"drawMode":0,"name":"Shaded","section":"Shading Mode"},"sceneLighting":true,"audioPlay":false,"sceneViewState":{"m_AlwaysRefresh":false,"showFog":true,"showSkybox":true,"showFlares":true,"showImageEffects":true,"showParticleSystems":true,"showVisualEffectGraphs":true,"m_FxEnabled":true},"in2DMode":false,"pivot":{"x":3.4577295780181886,"y":-0.9216897487640381,"z":22.850215911865236},"rotation":{"x":-0.1465555727481842,"y":0.053971171379089358,"z":-0.008032319135963917,"w":-0.9876856803894043},"size":18.251554489135743,"orthographic":false}