{"cameraMode":{"drawMode":0,"name":"Shaded","section":"Shading Mode"},"sceneLighting":true,"audioPlay":false,"sceneViewState":{"m_AlwaysRefresh":false,"showFog":true,"showSkybox":true,"showFlares":true,"showImageEffects":true,"showParticleSystems":true,"showVisualEffectGraphs":true,"m_FxEnabled":true},"in2DMode":false,"pivot":{"x":21.037965774536134,"y":21.405170440673829,"z":-9.468695640563965},"rotation":{"x":0.015309859067201615,"y":0.013815048150718212,"z":-0.0001648584147915244,"w":0.9998743534088135},"size":29.004133224487306,"orthographic":false}