{"cameraMode":{"drawMode":0,"name":"Shaded","section":"Shading Mode"},"sceneLighting":true,"audioPlay":false,"sceneViewState":{"m_AlwaysRefresh":false,"showFog":true,"showSkybox":true,"showFlares":true,"showImageEffects":true,"showParticleSystems":true,"showVisualEffectGraphs":true,"m_FxEnabled":true},"in2DMode":false,"pivot":{"x":-1.5465598106384278,"y":32.15277862548828,"z":45.98445129394531},"rotation":{"x":0.0886826142668724,"y":0.019739778712391855,"z":-0.0017142047872766853,"w":0.9959331750869751},"size":57.689849853515628,"orthographic":false}