{"cameraMode":{"drawMode":0,"name":"Shaded","section":"Shading Mode"},"sceneLighting":true,"audioPlay":false,"sceneViewState":{"m_AlwaysRefresh":false,"showFog":true,"showSkybox":true,"showFlares":true,"showImageEffects":true,"showParticleSystems":true,"showVisualEffectGraphs":true,"m_FxEnabled":true},"in2DMode":false,"pivot":{"x":47.41175842285156,"y":53.928253173828128,"z":11.021705627441407},"rotation":{"x":0.029684774577617646,"y":-0.014398558996617794,"z":-0.0004441782657522708,"w":-0.9995182156562805},"size":65.96354675292969,"orthographic":false}