{"cameraMode":{"drawMode":0,"name":"Shaded","section":"Shading Mode"},"sceneLighting":true,"audioPlay":false,"sceneViewState":{"m_AlwaysRefresh":false,"showFog":true,"showSkybox":true,"showFlares":true,"showImageEffects":true,"showParticleSystems":true,"showVisualEffectGraphs":true,"m_FxEnabled":true},"in2DMode":false,"pivot":{"x":-0.497772216796875,"y":66.86543273925781,"z":46.965179443359378},"rotation":{"x":0.06449797004461289,"y":-0.09087451547384262,"z":0.005887078121304512,"w":0.9937739372253418},"size":77.93449401855469,"orthographic":false}