{"cameraMode":{"drawMode":0,"name":"Shaded","section":"Shading Mode"},"sceneLighting":true,"audioPlay":false,"sceneViewState":{"m_AlwaysRefresh":false,"showFog":true,"showSkybox":true,"showFlares":true,"showImageEffects":true,"showParticleSystems":true,"showVisualEffectGraphs":true,"m_FxEnabled":true},"in2DMode":false,"pivot":{"x":4.011910915374756,"y":4.907748222351074,"z":-1.3066225051879883},"rotation":{"x":-0.05959982052445412,"y":-0.04309866577386856,"z":-0.0025847149081528188,"w":0.9973093867301941},"size":6.658405780792236,"orthographic":false}