{"cameraMode":{"drawMode":0,"name":"Shaded","section":"Shading Mode"},"sceneLighting":true,"audioPlay":false,"sceneViewState":{"m_AlwaysRefresh":false,"showFog":true,"showSkybox":true,"showFlares":true,"showImageEffects":true,"showParticleSystems":true,"showVisualEffectGraphs":true,"m_FxEnabled":true},"in2DMode":false,"pivot":{"x":-10.70744514465332,"y":-13.495001792907715,"z":22.903093338012697},"rotation":{"x":-0.19427624344825746,"y":0.43692460656166079,"z":-0.09724733233451843,"w":-0.8728798031806946},"size":26.41861343383789,"orthographic":false}