{"cameraMode":{"drawMode":0,"name":"Shaded","section":"Shading Mode"},"sceneLighting":true,"audioPlay":false,"sceneViewState":{"m_AlwaysRefresh":false,"showFog":true,"showSkybox":true,"showFlares":true,"showImageEffects":true,"showParticleSystems":true,"showVisualEffectGraphs":true,"m_FxEnabled":true},"in2DMode":false,"pivot":{"x":3.0662972927093508,"y":2.6373534202575685,"z":-12.783446311950684},"rotation":{"x":0.1414804756641388,"y":-0.0860089436173439,"z":0.01234087347984314,"w":0.986118733882904},"size":1.3640263080596924,"orthographic":true}