{"cameraMode":{"drawMode":0,"name":"Shaded","section":"Shading Mode"},"sceneLighting":true,"audioPlay":false,"sceneViewState":{"m_AlwaysRefresh":false,"showFog":true,"showSkybox":true,"showFlares":true,"showImageEffects":true,"showParticleSystems":true,"showVisualEffectGraphs":true,"m_FxEnabled":true},"in2DMode":false,"pivot":{"x":10.6713285446167,"y":0.8246909379959106,"z":1.0381261110305787},"rotation":{"x":-0.005174871068447828,"y":-0.9877012968063355,"z":0.15262159705162049,"w":-0.033489637076854709},"size":3.5280678272247316,"orthographic":false}