{"cameraMode":{"drawMode":0,"name":"Shaded","section":"Shading Mode"},"sceneLighting":true,"audioPlay":false,"sceneViewState":{"m_AlwaysRefresh":false,"showFog":true,"showSkybox":true,"showFlares":true,"showImageEffects":true,"showParticleSystems":true,"showVisualEffectGraphs":true,"m_FxEnabled":true},"in2DMode":false,"pivot":{"x":7.488821029663086,"y":-2.1859965324401857,"z":12.642182350158692},"rotation":{"x":0.1798461675643921,"y":-0.10130960494279862,"z":0.01862317882478237,"w":0.9782757759094238},"size":6.510543346405029,"orthographic":false}