{"cameraMode":{"drawMode":0,"name":"Shaded","section":"Shading Mode"},"sceneLighting":true,"audioPlay":false,"sceneViewState":{"m_AlwaysRefresh":false,"showFog":true,"showSkybox":true,"showFlares":true,"showImageEffects":true,"showParticleSystems":true,"showVisualEffectGraphs":true,"m_FxEnabled":true},"in2DMode":false,"pivot":{"x":25.013914108276368,"y":-3.7150001525878908,"z":23.280475616455079},"rotation":{"x":-0.16455280780792237,"y":-0.008288444951176644,"z":0.001382978749461472,"w":-0.9863348007202148},"size":28.760133743286134,"orthographic":false}