{"cameraMode":{"drawMode":0,"name":"Shaded","section":"Shading Mode"},"sceneLighting":true,"audioPlay":false,"sceneViewState":{"m_AlwaysRefresh":false,"showFog":true,"showSkybox":true,"showFlares":true,"showImageEffects":true,"showParticleSystems":true,"showVisualEffectGraphs":true,"m_FxEnabled":true},"in2DMode":false,"pivot":{"x":28.392377853393556,"y":3.1585726737976076,"z":-24.816600799560548},"rotation":{"x":-0.019808335229754449,"y":0.0005973541410639882,"z":-0.000011649746738839895,"w":-0.9998053908348084},"size":14.651569366455079,"orthographic":false}