{"cameraMode":{"drawMode":0,"name":"Shaded","section":"Shading Mode"},"sceneLighting":true,"audioPlay":false,"sceneViewState":{"m_AlwaysRefresh":false,"showFog":true,"showSkybox":true,"showFlares":true,"showImageEffects":true,"showParticleSystems":true,"showVisualEffectGraphs":true,"m_FxEnabled":true},"in2DMode":false,"pivot":{"x":-126.69743347167969,"y":113.02494049072266,"z":-567.69775390625},"rotation":{"x":0.056690115481615069,"y":0.09867814928293228,"z":-0.005630785133689642,"w":0.9934865832328796},"size":65.5342025756836,"orthographic":true}