{"cameraMode":{"drawMode":0,"name":"Shaded","section":"Shading Mode"},"sceneLighting":true,"audioPlay":false,"sceneViewState":{"m_AlwaysRefresh":false,"showFog":true,"showSkybox":true,"showFlares":true,"showImageEffects":true,"showParticleSystems":true,"showVisualEffectGraphs":true,"m_FxEnabled":true},"in2DMode":false,"pivot":{"x":-23.099624633789064,"y":40.80720901489258,"z":-26.486377716064454},"rotation":{"x":0.05135709419846535,"y":-0.17525072395801545,"z":-0.009155607782304287,"w":-0.9831441044807434},"size":61.479209899902347,"orthographic":false}