{"cameraMode":{"drawMode":0,"name":"Shaded","section":"Shading Mode"},"sceneLighting":true,"audioPlay":false,"sceneViewState":{"m_AlwaysRefresh":false,"showFog":true,"showSkybox":true,"showFlares":true,"showImageEffects":true,"showParticleSystems":true,"showVisualEffectGraphs":true,"m_FxEnabled":true},"in2DMode":false,"pivot":{"x":41.65768051147461,"y":-49.01530075073242,"z":63.25968551635742},"rotation":{"x":-0.21600858867168427,"y":-0.027241267263889314,"z":0.006026593968272209,"w":-0.9759963154792786},"size":41.125484466552737,"orthographic":false}